STATION,NAME,LATITUDE,LONGITUDE,ELEVATION,DATE,DAPR,DASF,MDPR,MDSF,PRCP,SNOW,SNWD,TMAX,TMIN,TOBS,WT01,WT03,WT04,WT05,WT06,WT11
USC00420072,ALTA, UT US,40.5905,-111.6369,2660.9,1/1/1980,,,,,0.1,2,29,38,25,25,,,,,
USC00420072,ALTA, UT US,40.5905,-111.6369,2660.9,1/2/1980,,,,,0.43,3,34,27,18,18,,,,,
USC00420072,ALTA, UT US,40.5905,-111.6369,2660.9,1/3/1980,,,,,0.09,1,30,27,12,18,,,,,
USC00420072,ALTA, UT US,40.5905,-111.6369,2660.9,1/4/1980,,,,,0,0,30,31,18,27,,,,,
USC00420072,ALTA, UT US,40.5905,-111.6369,2660.9,1/5/1980,,,,,0,0,30,34,26,34,,,,,
USC00420072,ALTA, UT US,40.5905,-111.6369,2660.9,1/6/1980,,,,,0.06,1,30,42,12,12,,,,,
USC00420072,ALTA, UT US,40.5905,-111.6369,2660.9,1/7/1980,,,,,0.26,4,32,21,13,13,,,,,
USC00420072,ALTA, UT US,40.5905,-111.6369,2660.9,1/8/1980,,,,,0.4,6,34,20,11,19,,,,,
USC00420072,ALTA, UT US,40.5905,-111.6369,2660.9,1/9/1980,,,,,1.08,9,38,28,12,24,,,,,
USC00420072,ALTA, UT US,40.5905,-111.6369,2660.9,1/10/1980,,,,,3.08,19,55,30,16,27,,1,,,
USC00420072,ALTA, UT US,40.5905,-111.6369,2660.9,1/11/1980,,,,,1.89,12,62,30,-5,4,,,,,
USC00420072,ALTA, UT US,40.5905,-111.6369,2660.9,1/12/1980,,,,,0.93,7,56,32,4,30,,,,,
USC00420072,ALTA, UT US,40.5905,-111.6369,2660.9,1/13/1980,,,,,1.12,6,60,33,31,32,,,,,
USC00420072,ALTA, UT US,40.5905,-111.6369,2660.9,1/14/1980,,,,,1,4,61,40,26,26,,1,,,
USC00420072,ALTA, UT US,40.5905,-111.6369,2660.9,1/15/1980,,,,,2.2,17,69,28,21,24,,,,,
USC00420072,ALTA, UT US,40.5905,-111.6369,2660.9,1/16/1980,,,,,0.12,1,64,35,24,24,,,,,
USC00420072,ALTA, UT US,40.5905,-111.6369,2660.9,1/17/1980,,,,,0.2,2,60,32,22,26,,,,,
USC00420072,ALTA, UT US,40.5905,-111.6369,2660.9,1/18/1980,,,,,0.7,5,64,30,20,23,,,,,
USC00420072,ALTA, UT US,40.5905,-111.6369,2660.9,1/19/1980,,,,,0.46,5,64,29,17,20,,,,,
USC00420072,ALTA, UT US,40.5905,-111.6369,2660.9,1/20/1980,,,,,0,0,61,31,15,18,,,,,
USC00420072,ALTA, UT US,40.5905,-111.6369,2660.9,1/21/1980,,,,,0,0,60,34,16,21,,,,,
USC00420072,ALTA, UT US,40.5905,-111.6369,2660.9,1/22/1980,,,,,0,0,60,37,14,15,,,,,
USC00420072,ALTA, UT US,40.5905,-111.6369,2660.9,1/23/1980,,,,,0,0,58,42,14,18,,,,,
USC00420072,ALTA, UT US,40.5905,-111.6369,2660.9,1/24/1980,,,,,0,0,57,43,20,20,,,,,
USC00420072,ALTA, UT US,40.5905,-111.6369,2660.9,1/25/1980,,,,,0,0,56,33,20,25,,,,,
USC00420072,ALTA, UT US,40.5905,-111.6369,2660.9,1/26/1980,,,,,0,0,55,25,10,15,,,,,
USC00420072,ALTA, UT US,40.5905,-111.6369,2660.9,1/27/1980,,,,,0,0,53,24,10,24,,,,,
USC00420072,ALTA, UT US,40.5905,-111.6369,2660.9,1/28/1980,,,,,0.82,12,60,24,5,7,,,,,
USC00420072,ALTA, UT US,40.5905,-111.6369,2660.9,1/29/1980,,,,,0.43,8,66,22,7,22,,,,,
USC00420072,ALTA, UT US,40.5905,-111.6369,2660.9,1/30/1980,,,,,1.33,20,81,24,-6,-6,,,,,
USC00420072,ALTA, UT US,40.5905,-111.6369,2660.9,1/31/1980,,,,,0,0,77,32,-6,16,,,,,
USC00420072,ALTA, UT US,40.5905,-111.6369,2660.9,2/1/1980,,,,,0,0,70,37,16,23,,,,,
USC00420072,ALTA, UT US,40.5905,-111.6369,2660.9,2/2/1980,,,,,0,0,70,38,19,22,,,,,
USC00420072,ALTA, UT US,40.5905,-111.6369,2660.9,2/3/1980,,,,,0,0,70,37,24,29,,,,,
USC00420072,ALTA, UT US,40.5905,-111.6369,2660.9,2/4/1980,,,,,0.18,1,71,41,26,26,,,,,
USC00420072,ALTA, UT US,40.5905,-111.6369,2660.9,2/5/1980,,,,,0,0,70,33,15,22,,,,,
USC00420072,ALTA, UT US,40.5905,-111.6369,2660.9,2/6/1980,,,,,0,0,69,42,22,28,,,,,
USC00420072,ALTA, UT US,40.5905,-111.6369,2660.9,2/7/1980,,,,,0.84,9,78,29,16,19,,,,,
USC00420072,ALTA, UT US,40.5905,-111.6369,2660.9,2/8/1980,,,,,0,0,74,28,8,10,,,,,
USC00420072,ALTA, UT US,40.5905,-111.6369,2660.9,2/9/1980,,,,,0,0,73,28,8,15,,,,,
USC00420072,ALTA, UT US,40.5905,-111.6369,2660.9,2/10/1980,,,,,0,0,72,38,14,16,,,,,
USC00420072,ALTA, UT US,40.5905,-111.6369,2660.9,2/11/1980,,,,,0,0,70,37,12,14,,,,,
USC00420072,ALTA, UT US,40.5905,-111.6369,2660.9,2/12/1980,,,,,0,0,70,35,13,16,,,,,
USC00420072,ALTA, UT US,40.5905,-111.6369,2660.9,2/13/1980,,,,,0,0,69,32,14,27,,,,,
USC00420072,ALTA, UT US,40.5905,-111.6369,2660.9,2/14/1980,,,,,0.14,1.5,71,34,26,30,,,,,
USC00420072,ALTA, UT US,40.5905,-111.6369,2660.9,2/15/1980,,,,,2.88,25,80,34,28,28,,,,,
USC00420072,ALTA, UT US,40.5905,-111.6369,2660.9,2/16/1980,,,,,0.65,5,81,31,21,,,,,,
USC00420072,ALTA, UT US,40.5905,-111.6369,2660.9,2/17/1980,,,,,0.21,2,82,42,27,27,,,,,
USC00420072,ALTA, UT US,40.5905,-111.6369,2660.9,2/18/1980,,,,,1.14,7,84,34,29,30,,,,,
USC00420072,ALTA, UT US,40.5905,-111.6369,2660.9,2/19/1980,,,,,1.56,9,88,33,26,27,,,,,
USC00420072,ALTA, UT US,40.5905,-111.6369,2660.9,2/20/1980,,,,,0.97,9,93,36,26,26,,,,,
USC00420072,ALTA, UT US,40.5905,-111.6369,2660.9,2/21/1980,,,,,1.37,14,100,27,18,21,,,,,
USC00420072,ALTA, UT US,40.5905,-111.6369,2660.9,2/22/1980,,,,,2.63,19,112,30,20,21,,,,,
USC00420072,ALTA, UT US,40.5905,-111.6369,2660.9,2/23/1980,,,,,0.3,3,112,31,20,21,,,,,
USC00420072,ALTA, UT US,40.5905,-111.6369,2660.9,2/24/1980,,,,,0.6,6,110,21,10,10,,,,,
USC00420072,ALTA, UT US,40.5905,-111.6369,2660.9,2/25/1980,,,,,0,0,108,30,10,20,,,,,
USC00420072,ALTA, UT US,40.5905,-111.6369,2660.9,2/26/1980,,,,,0,0,102,30,20,28,,,,,
USC00420072,ALTA, UT US,40.5905,-111.6369,2660.9,2/27/1980,,,,,0,0,98,45,29,29,,,,,
USC00420072,ALTA, UT US,40.5905,-111.6369,2660.9,2/28/1980,,,,,0,0,97,45,30,36,,,,,
USC00420072,ALTA, UT US,40.5905,-111.6369,2660.9,2/29/1980,,,,,0.26,2,98,40,21,21,,1,,,
USC00420072,ALTA, UT US,40.5905,-111.6369,2660.9,3/1/1980,,,,,0.33,3,97,28,15,17,,,,,
USC00420072,ALTA, UT US,40.5905,-111.6369,2660.9,3/2/1980,,,,,0,0,96,39,15,29,,,,,
USC00420072,ALTA, UT US,40.5905,-111.6369,2660.9,3/3/1980,,,,,0.64,7,101,31,25,25,,,,,
USC00420072,ALTA, UT US,40.5905,-111.6369,2660.9,3/4/1980,,,,,1.81,13,110,30,24,24,,,,,
USC00420072,ALTA, UT US,40.5905,-111.6369,2660.9,3/5/1980,,,,,0.54,4,107,25,20,20,,,,,
USC00420072,ALTA, UT US,40.5905,-111.6369,2660.9,3/6/1980,,,,,1.71,16,122,30,16,18,,,,,
USC00420072,ALTA, UT US,40.5905,-111.6369,2660.9,3/7/1980,,,,,0,0,117,30,17,17,,,,,
USC00420072,ALTA, UT US,40.5905,-111.6369,2660.9,3/8/1980,,,,,0.32,4,120,26,14,14,,,,,
USC00420072,ALTA, UT US,40.5905,-111.6369,2660.9,3/9/1980,,,,,0,0,118,27,13,15,,,,,
USC00420072,ALTA, UT US,40.5905,-111.6369,2660.9,3/10/1980,,,,,0,0,117,28,11,15,,,,,
USC00420072,ALTA, UT US,40.5905,-111.6369,2660.9,3/11/1980,,,,,0,0,114,40,15,19,,1,,,
USC00420072,ALTA, UT US,40.5905,-111.6369,2660.9,3/12/1980,,,,,1.6,15,120,35,11,12,,,,,
USC00420072,ALTA, UT US,40.5905,-111.6369,2660.9,3/13/1980,,,,,0.53,5,122,19,9,18,,,,,
USC00420072,ALTA, UT US,40.5905,-111.6369,2660.9,3/14/1980,,,,,0,0,116,32,18,32,,,,,
USC00420072,ALTA, UT US,40.5905,-111.6369,2660.9,3/15/1980,,,,,0,0,113,37,28,28,,,,,
USC00420072,ALTA, UT US,40.5905,-111.6369,2660.9,3/16/1980,,,,,0.32,6,116,32,2,6,,,,,
USC00420072,ALTA, UT US,40.5905,-111.6369,2660.9,3/17/1980,,,,,0,0,114,15,2,5,,,,,
USC00420072,ALTA, UT US,40.5905,-111.6369,2660.9,3/18/1980,,,,,0,0,112,37,5,24,,,,,
USC00420072,ALTA, UT US,40.5905,-111.6369,2660.9,3/19/1980,,,,,0,0,112,32,17,21,,,,,
USC00420072,ALTA, UT US,40.5905,-111.6369,2660.9,3/20/1980,,,,,0,0,110,29,14,16,,,,,
USC00420072,ALTA, UT US,40.5905,-111.6369,2660.9,3/21/1980,,,,,0.63,8,116,40,16,20,,,,,
USC00420072,ALTA, UT US,40.5905,-111.6369,2660.9,3/22/1980,,,,,0.6,8,118,30,12,17,,,,,
USC00420072,ALTA, UT US,40.5905,-111.6369,2660.9,3/23/1980,,,,,0,0,115,31,13,15,,,,,
USC00420072,ALTA, UT US,40.5905,-111.6369,2660.9,3/24/1980,,,,,0,0,114,30,14,18,,,,,
USC00420072,ALTA, UT US,40.5905,-111.6369,2660.9,3/25/1980,,,,,0.43,7,119,30,10,14,,,,,
USC00420072,ALTA, UT US,40.5905,-111.6369,2660.9,3/26/1980,,,,,0.14,2,118,27,2,10,,,,,
USC00420072,ALTA, UT US,40.5905,-111.6369,2660.9,3/27/1980,,,,,0,0,116,31,10,19,,,,,
USC00420072,ALTA, UT US,40.5905,-111.6369,2660.9,3/28/1980,,,,,0.9,12,126,21,10,15,,,,,
USC00420072,ALTA, UT US,40.5905,-111.6369,2660.9,3/29/1980,,,,,0,0,120,28,11,14,,,,,
USC00420072,ALTA, UT US,40.5905,-111.6369,2660.9,3/30/1980,,,,,0,0,120,34,10,12,,,,,
USC00420072,ALTA, UT US,40.5905,-111.6369,2660.9,3/31/1980,,,,,1.14,13,126,27,2,4,,,,,
USC00420072,ALTA, UT US,40.5905,-111.6369,2660.9,4/1/1980,,,,,0,0,120,31,3,10,,,,,
USC00420072,ALTA, UT US,40.5905,-111.6369,2660.9,4/2/1980,,,,,0,0,119,34,8,11,,,,,
USC00420072,ALTA, UT US,40.5905,-111.6369,2660.9,4/3/1980,,,,,0,0,118,27,9,17,,,,,
USC00420072,ALTA, UT US,40.5905,-111.6369,2660.9,4/4/1980,,,,,0,0,118,37,17,28,,,,,
USC00420072,ALTA, UT US,40.5905,-111.6369,2660.9,4/5/1980,,,,,0,0,116,40,27,29,,,,,
USC00420072,ALTA, UT US,40.5905,-111.6369,2660.9,4/6/1980,,,,,0.6,5,118,36,22,26,,,,,
USC00420072,ALTA, UT US,40.5905,-111.6369,2660.9,4/7/1980,,,,,1.06,10,125,30,12,12,,,,,
USC00420072,ALTA, UT US,40.5905,-111.6369,2660.9,4/8/1980,,,,,0.63,7,124,19,12,17,,,,,
USC00420072,ALTA, UT US,40.5905,-111.6369,2660.9,4/9/1980,,,,,0,0,120,36,16,30,,,,,
USC00420072,ALTA, UT US,40.5905,-111.6369,2660.9,4/10/1980,,,,,0,0,118,41,23,25,,,,,
USC00420072,ALTA, UT US,40.5905,-111.6369,2660.9,4/11/1980,,,,,0.24,5,123,27,15,15,,,,,
USC00420072,ALTA, UT US,40.5905,-111.6369,2660.9,4/12/1980,,,,,0,0,118,28,13,22,,,,,
USC00420072,ALTA, UT US,40.5905,-111.6369,2660.9,4/13/1980,,,,,0,0,117,34,13,24,,,,,
USC00420072,ALTA, UT US,40.5905,-111.6369,2660.9,4/14/1980,,,,,0,0,116,39,24,26,,,,,
USC00420072,ALTA, UT US,40.5905,-111.6369,2660.9,4/15/1980,,,,,0,0,114,44,26,31,,,,,
USC00420072,ALTA, UT US,40.5905,-111.6369,2660.9,4/16/1980,,,,,0,0,113,46,24,26,,,,,
USC00420072,ALTA, UT US,40.5905,-111.6369,2660.9,4/17/1980,,,,,0,0,113,46,26,32,,,,,
USC00420072,ALTA, UT US,40.5905,-111.6369,2660.9,4/18/1980,,,,,0,0,109,54,32,36,,,,,
USC00420072,ALTA, UT US,40.5905,-111.6369,2660.9,4/19/1980,,,,,0,0,105,55,36,38,,,,,
USC00420072,ALTA, UT US,40.5905,-111.6369,2660.9,4/20/1980,,,,,0,0,102,59,39,42,,,,,
USC00420072,ALTA, UT US,40.5905,-111.6369,2660.9,4/21/1980,,,,,0,0,100,58,42,45,,,,,
USC00420072,ALTA, UT US,40.5905,-111.6369,2660.9,4/22/1980,,,,,0,0,98,52,37,39,,,,,
USC00420072,ALTA, UT US,40.5905,-111.6369,2660.9,4/23/1980,,,,,0,0,96,47,33,34,,,,,
USC00420072,ALTA, UT US,40.5905,-111.6369,2660.9,4/24/1980,,,,,0.38,2,95,47,28,30,,,,,
USC00420072,ALTA, UT US,40.5905,-111.6369,2660.9,4/25/1980,,,,,0,0,94,44,30,36,,,,,
USC00420072,ALTA, UT US,40.5905,-111.6369,2660.9,4/26/1980,,,,,0,0,92,48,33,34,,,,,
USC00420072,ALTA, UT US,40.5905,-111.6369,2660.9,4/27/1980,,,,,0,0,,54,30,32,,,,,
USC00420072,ALTA, UT US,40.5905,-111.6369,2660.9,4/28/1980,,,,,0,0,,58,32,39,,,,,
USC00420072,ALTA, UT US,40.5905,-111.6369,2660.9,4/29/1980,,,,,0,1,,60,36,40,,,,,
USC00420072,ALTA, UT US,40.5905,-111.6369,2660.9,4/30/1980,,,,,0.19,0,,56,32,33,,,,,
USC00420072,ALTA, UT US,40.5905,-111.6369,2660.9,5/1/1980,,,,,0.21,0,82,40,31,36,,,,,
USC00420072,ALTA, UT US,40.5905,-111.6369,2660.9,5/2/1980,,,,,0,0,81,47,31,35,,,,,
USC00420072,ALTA, UT US,40.5905,-111.6369,2660.9,5/3/1980,,,,,0,0,80,52,35,37,,,,,
USC00420072,ALTA, UT US,40.5905,-111.6369,2660.9,5/4/1980,,,,,0,0,78,57,34,37,,,,,
USC00420072,ALTA, UT US,40.5905,-111.6369,2660.9,5/5/1980,,,,,0,0,75,57,35,38,,,,,
USC00420072,ALTA, UT US,40.5905,-111.6369,2660.9,5/6/1980,,,,,0.17,0,73,54,38,41,,,,,
USC00420072,ALTA, UT US,40.5905,-111.6369,2660.9,5/7/1980,,,,,0.16,0,70,57,33,36,,,,,
USC00420072,ALTA, UT US,40.5905,-111.6369,2660.9,5/8/1980,,,,,0.03,0,68,54,32,36,,1,,,
USC00420072,ALTA, UT US,40.5905,-111.6369,2660.9,5/9/1980,,,,,0.32,0,68,51,32,36,,,,,
USC00420072,ALTA, UT US,40.5905,-111.6369,2660.9,5/10/1980,,,,,0.98,8,74,37,25,27,,,,,
USC00420072,ALTA, UT US,40.5905,-111.6369,2660.9,5/11/1980,,,,,0.56,4,73,33,24,25,,,,,
USC00420072,ALTA, UT US,40.5905,-111.6369,2660.9,5/12/1980,,,,,0.62,9,78,38,23,27,,,,,
USC00420072,ALTA, UT US,40.5905,-111.6369,2660.9,5/13/1980,,,,,0.19,2,76,32,21,26,,,,,
USC00420072,ALTA, UT US,40.5905,-111.6369,2660.9,5/14/1980,,,,,0,0,73,46,23,29,,,,,
USC00420072,ALTA, UT US,40.5905,-111.6369,2660.9,5/15/1980,,,,,0.21,0,69,47,23,33,,,,,
USC00420072,ALTA, UT US,40.5905,-111.6369,2660.9,5/16/1980,,,,,0,0,68,48,29,29,,,,,
USC00420072,ALTA, UT US,40.5905,-111.6369,2660.9,5/17/1980,,,,,0.73,7,72,44,23,25,,,,,
USC00420072,ALTA, UT US,40.5905,-111.6369,2660.9,5/18/1980,,,,,0.52,4,71,34,25,32,,,,,
USC00420072,ALTA, UT US,40.5905,-111.6369,2660.9,5/19/1980,,,,,0,0,69,48,33,36,,,,,
USC00420072,ALTA, UT US,40.5905,-111.6369,2660.9,5/20/1980,,,,,0,0,67,55,37,41,,,,,
USC00420072,ALTA, UT US,40.5905,-111.6369,2660.9,5/21/1980,,,,,0,0,60,66,41,47,,,,,
USC00420072,ALTA, UT US,40.5905,-111.6369,2660.9,5/22/1980,,,,,0,0,58,63,37,40,,,,,
USC00420072,ALTA, UT US,40.5905,-111.6369,2660.9,5/23/1980,,,,,0.04,0,58,47,26,30,,1,,,
USC00420072,ALTA, UT US,40.5905,-111.6369,2660.9,5/24/1980,,,,,0.43,1,57,47,26,30,,,,,
USC00420072,ALTA, UT US,40.5905,-111.6369,2660.9,5/25/1980,,,,,0.35,3,58,34,20,23,,,,,
USC00420072,ALTA, UT US,40.5905,-111.6369,2660.9,5/26/1980,,,,,0.37,4,59,32,23,27,,,,,
USC00420072,ALTA, UT US,40.5905,-111.6369,2660.9,5/27/1980,,,,,0,0,57,46,25,35,,,,,
USC00420072,ALTA, UT US,40.5905,-111.6369,2660.9,5/28/1980,,,,,0,0,54,52,26,35,,,,,
USC00420072,ALTA, UT US,40.5905,-111.6369,2660.9,5/29/1980,,,,,0.32,2,53,50,29,32,,1,,,
USC00420072,ALTA, UT US,40.5905,-111.6369,2660.9,5/30/1980,,,,,0.26,2,53,42,27,34,,,,,
USC00420072,ALTA, UT US,40.5905,-111.6369,2660.9,5/31/1980,,,,,0.13,1,52,51,31,34,,1,,,
USC00420072,ALTA, UT US,40.5905,-111.6369,2660.9,6/1/1980,,,,,0.13,1,52,49,31,33,,1,,,
USC00420072,ALTA, UT US,40.5905,-111.6369,2660.9,6/2/1980,,,,,0.09,0,50,47,34,38,,,,,
USC00420072,ALTA, UT US,40.5905,-111.6369,2660.9,6/3/1980,,,,,0.05,0,47,50,30,40,,,,,
USC00420072,ALTA, UT US,40.5905,-111.6369,2660.9,6/4/1980,,,,,0,0,45,57,41,47,,,,,
USC00420072,ALTA, UT US,40.5905,-111.6369,2660.9,6/5/1980,,,,,0,0,42,57,37,46,,,,,
USC00420072,ALTA, UT US,40.5905,-111.6369,2660.9,6/6/1980,,,,,0,0,38,56,36,39,,,,,
USC00420072,ALTA, UT US,40.5905,-111.6369,2660.9,6/7/1980,,,,,0,0,34,46,35,37,,,,,
USC00420072,ALTA, UT US,40.5905,-111.6369,2660.9,6/8/1980,,,,,0,0,32,59,37,40,,,,,
USC00420072,ALTA, UT US,40.5905,-111.6369,2660.9,6/9/1980,,,,,0,0,30,65,40,44,,,,,
USC00420072,ALTA, UT US,40.5905,-111.6369,2660.9,6/10/1980,,,,,0,0,27,68,42,47,,,,,
USC00420072,ALTA, UT US,40.5905,-111.6369,2660.9,6/11/1980,,,,,0,0,24,70,44,48,,,,,
USC00420072,ALTA, UT US,40.5905,-111.6369,2660.9,6/12/1980,,,,,0,0,20,68,48,53,,,,,
USC00420072,ALTA, UT US,40.5905,-111.6369,2660.9,6/13/1980,,,,,0,0,17,62,41,44,,,,,
USC00420072,ALTA, UT US,40.5905,-111.6369,2660.9,6/14/1980,,,,,0,0,15,64,44,48,,,,,
USC00420072,ALTA, UT US,40.5905,-111.6369,2660.9,6/15/1980,,,,,0,0,12,53,30,32,,,,,
USC00420072,ALTA, UT US,40.5905,-111.6369,2660.9,6/16/1980,,,,,0,0,9,53,33,39,,,,,
USC00420072,ALTA, UT US,40.5905,-111.6369,2660.9,6/17/1980,,,,,0,0,3,63,37,48,,,,,
USC00420072,ALTA, UT US,40.5905,-111.6369,2660.9,6/18/1980,,,,,0,0,0,72,45,52,,,,,
USC00420072,ALTA, UT US,40.5905,-111.6369,2660.9,6/19/1980,,,,,0,0,0,72,46,49,,,,,
USC00420072,ALTA, UT US,40.5905,-111.6369,2660.9,6/20/1980,,,,,0,0,0,69,46,51,,,,,
USC00420072,ALTA, UT US,40.5905,-111.6369,2660.9,6/21/1980,,,,,0,0,0,72,47,51,,,,,
USC00420072,ALTA, UT US,40.5905,-111.6369,2660.9,6/22/1980,,,,,0,0,0,69,45,49,,,,,
USC00420072,ALTA, UT US,40.5905,-111.6369,2660.9,6/23/1980,,,,,0,0,0,71,49,56,,,,,
USC00420072,ALTA, UT US,40.5905,-111.6369,2660.9,6/24/1980,,,,,0,0,0,64,43,51,,,,,
USC00420072,ALTA, UT US,40.5905,-111.6369,2660.9,6/25/1980,,,,,0,0,0,68,48,55,,,,,
USC00420072,ALTA, UT US,40.5905,-111.6369,2660.9,6/26/1980,,,,,0,0,0,74,53,58,,,,,
USC00420072,ALTA, UT US,40.5905,-111.6369,2660.9,6/27/1980,,,,,0,0,0,73,34,38,,,,,
USC00420072,ALTA, UT US,40.5905,-111.6369,2660.9,6/28/1980,,,,,0,0,0,60,35,50,,,,,
USC00420072,ALTA, UT US,40.5905,-111.6369,2660.9,6/29/1980,,,,,0,0,0,72,49,62,,,,,
USC00420072,ALTA, UT US,40.5905,-111.6369,2660.9,6/30/1980,,,,,0,0,0,74,54,60,,,,,
USC00420072,ALTA, UT US,40.5905,-111.6369,2660.9,7/1/1980,,,,,0.05,0,0,72,45,49,,,,,
USC00420072,ALTA, UT US,40.5905,-111.6369,2660.9,7/2/1980,,,,,0.89,0,0,68,47,48,,,,,
USC00420072,ALTA, UT US,40.5905,-111.6369,2660.9,7/3/1980,,,,,0,0,0,67,47,48,,,,,
USC00420072,ALTA, UT US,40.5905,-111.6369,2660.9,7/4/1980,,,,,0.41,0,0,62,43,46,,,,,
USC00420072,ALTA, UT US,40.5905,-111.6369,2660.9,7/5/1980,,,,,0,0,0,70,48,52,,,,,
USC00420072,ALTA, UT US,40.5905,-111.6369,2660.9,7/6/1980,,,,,0,0,0,76,49,51,,,,,
USC00420072,ALTA, UT US,40.5905,-111.6369,2660.9,7/7/1980,,,,,0,0,0,75,51,57,,,,,
USC00420072,ALTA, UT US,40.5905,-111.6369,2660.9,7/8/1980,,,,,0.11,0,0,68,46,50,,,,,
USC00420072,ALTA, UT US,40.5905,-111.6369,2660.9,7/9/1980,,,,,0,0,0,64,47,53,,,,,
USC00420072,ALTA, UT US,40.5905,-111.6369,2660.9,7/10/1980,,,,,0,0,0,71,50,57,,,,,
USC00420072,ALTA, UT US,40.5905,-111.6369,2660.9,7/11/1980,,,,,0,0,0,72,53,59,,,,,
USC00420072,ALTA, UT US,40.5905,-111.6369,2660.9,7/12/1980,,,,,0,0,0,76,56,60,,,,,
USC00420072,ALTA, UT US,40.5905,-111.6369,2660.9,7/13/1980,,,,,0,0,0,72,54,55,,,,,
USC00420072,ALTA, UT US,40.5905,-111.6369,2660.9,7/14/1980,,,,,0,0,0,67,51,52,,,,,
USC00420072,ALTA, UT US,40.5905,-111.6369,2660.9,7/15/1980,,,,,0,0,0,68,45,46,,,,,
USC00420072,ALTA, UT US,40.5905,-111.6369,2660.9,7/16/1980,,,,,0,0,0,68,45,52,,,,,
USC00420072,ALTA, UT US,40.5905,-111.6369,2660.9,7/17/1980,,,,,0,0,0,76,50,55,,,,,
USC00420072,ALTA, UT US,40.5905,-111.6369,2660.9,7/18/1980,,,,,0,0,0,74,50,56,,,,,
USC00420072,ALTA, UT US,40.5905,-111.6369,2660.9,7/19/1980,,,,,0,0,0,69,51,53,,,,,
USC00420072,ALTA, UT US,40.5905,-111.6369,2660.9,7/20/1980,,,,,0,0,0,70,48,51,,,,,
USC00420072,ALTA, UT US,40.5905,-111.6369,2660.9,7/21/1980,,,,,0,0,0,72,48,49,,,,,
USC00420072,ALTA, UT US,40.5905,-111.6369,2660.9,7/22/1980,,,,,0,0,0,77,48,58,,,,,
USC00420072,ALTA, UT US,40.5905,-111.6369,2660.9,7/23/1980,,,,,0,0,0,77,56,58,,,,,
USC00420072,ALTA, UT US,40.5905,-111.6369,2660.9,7/24/1980,,,,,0,0,0,79,55,59,,,,,
USC00420072,ALTA, UT US,40.5905,-111.6369,2660.9,7/25/1980,,,,,0,0,0,74,57,58,,,,,
USC00420072,ALTA, UT US,40.5905,-111.6369,2660.9,7/26/1980,,,,,0,0,0,74,51,55,,,,,
USC00420072,ALTA, UT US,40.5905,-111.6369,2660.9,7/27/1980,,,,,0,0,0,76,50,55,,,,,
USC00420072,ALTA, UT US,40.5905,-111.6369,2660.9,7/28/1980,,,,,0,0,0,75,51,54,,,,,
USC00420072,ALTA, UT US,40.5905,-111.6369,2660.9,7/29/1980,,,,,0,0,0,82,53,59,,1,,,
USC00420072,ALTA, UT US,40.5905,-111.6369,2660.9,7/30/1980,,,,,0.08,0,0,77,49,52,,,,,
USC00420072,ALTA, UT US,40.5905,-111.6369,2660.9,7/31/1980,,,,,0,0,0,73,49,55,,,,,
USC00420072,ALTA, UT US,40.5905,-111.6369,2660.9,8/1/1980,,,,,0,0,0,73,53,56,,,,,
USC00420072,ALTA, UT US,40.5905,-111.6369,2660.9,8/2/1980,,,,,0,0,0,71,50,55,,,,,
USC00420072,ALTA, UT US,40.5905,-111.6369,2660.9,8/3/1980,,,,,0,0,0,70,48,55,,,,,
USC00420072,ALTA, UT US,40.5905,-111.6369,2660.9,8/4/1980,,,,,0,0,0,61,36,38,,,,,
USC00420072,ALTA, UT US,40.5905,-111.6369,2660.9,8/5/1980,,,,,0,0,0,65,38,54,,,,,
USC00420072,ALTA, UT US,40.5905,-111.6369,2660.9,8/6/1980,,,,,0,0,0,76,50,55,,,,,
USC00420072,ALTA, UT US,40.5905,-111.6369,2660.9,8/7/1980,,,,,0,0,0,77,52,55,,,,,
USC00420072,ALTA, UT US,40.5905,-111.6369,2660.9,8/8/1980,,,,,0,0,0,76,52,56,,,,,
USC00420072,ALTA, UT US,40.5905,-111.6369,2660.9,8/9/1980,,,,,0,0,0,77,53,56,,1,,,
USC00420072,ALTA, UT US,40.5905,-111.6369,2660.9,8/10/1980,,,,,0,0,0,74,47,50,,,,,
USC00420072,ALTA, UT US,40.5905,-111.6369,2660.9,8/11/1980,,,,,0,0,0,73,47,53,,,,,
USC00420072,ALTA, UT US,40.5905,-111.6369,2660.9,8/12/1980,,,,,0,0,0,77,53,66,,,,,
USC00420072,ALTA, UT US,40.5905,-111.6369,2660.9,8/13/1980,,,,,0,0,0,79,55,59,,,,,
USC00420072,ALTA, UT US,40.5905,-111.6369,2660.9,8/14/1980,,,,,0,0,0,76,56,57,,,,,
USC00420072,ALTA, UT US,40.5905,-111.6369,2660.9,8/15/1980,,,,,0,0,0,73,53,55,,,,,
USC00420072,ALTA, UT US,40.5905,-111.6369,2660.9,8/16/1980,,,,,0,0,0,63,40,41,,,,,
USC00420072,ALTA, UT US,40.5905,-111.6369,2660.9,8/17/1980,,,,,0,0,0,59,41,46,,,,,
USC00420072,ALTA, UT US,40.5905,-111.6369,2660.9,8/18/1980,,,,,0,0,0,69,46,52,,,,,
USC00420072,ALTA, UT US,40.5905,-111.6369,2660.9,8/19/1980,,,,,0,0,0,66,34,35,,1,,,
USC00420072,ALTA, UT US,40.5905,-111.6369,2660.9,8/20/1980,,,,,0.67,0,0,45,31,31,,,,,
USC00420072,ALTA, UT US,40.5905,-111.6369,2660.9,8/21/1980,,,,,0,0,0,58,32,41,,,,,
USC00420072,ALTA, UT US,40.5905,-111.6369,2660.9,8/22/1980,,,,,0,0,0,68,40,43,,1,,,
USC00420072,ALTA, UT US,40.5905,-111.6369,2660.9,8/23/1980,,,,,0.14,0,0,70,42,48,,1,,,
USC00420072,ALTA, UT US,40.5905,-111.6369,2660.9,8/24/1980,,,,,0.05,0,0,66,47,50,,,,,
USC00420072,ALTA, UT US,40.5905,-111.6369,2660.9,8/25/1980,,,,,0,0,0,67,49,49,,,,,
USC00420072,ALTA, UT US,40.5905,-111.6369,2660.9,8/26/1980,,,,,0.79,0,0,54,38,40,,,,,
USC00420072,ALTA, UT US,40.5905,-111.6369,2660.9,8/27/1980,,,,,0,0,0,67,39,51,,,,,
USC00420072,ALTA, UT US,40.5905,-111.6369,2660.9,8/28/1980,,,,,0,0,0,67,41,46,,,,,
USC00420072,ALTA, UT US,40.5905,-111.6369,2660.9,8/29/1980,,,,,0,0,0,66,42,44,,,,,
USC00420072,ALTA, UT US,40.5905,-111.6369,2660.9,8/30/1980,,,,,0,0,0,66,42,45,,,,,
USC00420072,ALTA, UT US,40.5905,-111.6369,2660.9,8/31/1980,,,,,0,0,0,57,36,38,,,,,
USC00420072,ALTA, UT US,40.5905,-111.6369,2660.9,9/1/1980,,,,,0,0,0,54,34,38,,,,,
USC00420072,ALTA, UT US,40.5905,-111.6369,2660.9,9/2/1980,,,,,0,0,0,62,38,46,,,,,
USC00420072,ALTA, UT US,40.5905,-111.6369,2660.9,9/3/1980,,,,,0,0,0,67,44,44,,,,,
USC00420072,ALTA, UT US,40.5905,-111.6369,2660.9,9/4/1980,,,,,0,0,0,64,44,50,,,,,
USC00420072,ALTA, UT US,40.5905,-111.6369,2660.9,9/5/1980,,,,,0,0,0,71,49,53,,,,,
USC00420072,ALTA, UT US,40.5905,-111.6369,2660.9,9/6/1980,,,,,0,0,0,75,53,55,,,,,
USC00420072,ALTA, UT US,40.5905,-111.6369,2660.9,9/7/1980,,,,,0.59,0,0,70,47,47,,,,,
USC00420072,ALTA, UT US,40.5905,-111.6369,2660.9,9/8/1980,,,,,0.26,0,0,54,45,46,,,,,
USC00420072,ALTA, UT US,40.5905,-111.6369,2660.9,9/9/1980,,,,,0,0,0,62,46,52,,,,,
USC00420072,ALTA, UT US,40.5905,-111.6369,2660.9,9/10/1980,,,,,0.46,0,0,58,46,47,,,,,
USC00420072,ALTA, UT US,40.5905,-111.6369,2660.9,9/11/1980,,,,,0.31,0,0,57,43,45,,1,,,
USC00420072,ALTA, UT US,40.5905,-111.6369,2660.9,9/12/1980,,,,,0.74,0,0,46,40,40,,,,,
USC00420072,ALTA, UT US,40.5905,-111.6369,2660.9,9/13/1980,,,,,0.19,0,0,58,40,45,,,,,
USC00420072,ALTA, UT US,40.5905,-111.6369,2660.9,9/14/1980,,,,,0,0,0,62,44,46,,,,,
USC00420072,ALTA, UT US,40.5905,-111.6369,2660.9,9/15/1980,,,,,0,0,0,64,46,50,,,,,
USC00420072,ALTA, UT US,40.5905,-111.6369,2660.9,9/16/1980,,,,,0,0,0,62,42,43,,,,,
USC00420072,ALTA, UT US,40.5905,-111.6369,2660.9,9/17/1980,,,,,0,0,0,55,41,49,,,,,
USC00420072,ALTA, UT US,40.5905,-111.6369,2660.9,9/18/1980,,,,,0,0,0,63,47,55,,,,,
USC00420072,ALTA, UT US,40.5905,-111.6369,2660.9,9/19/1980,,,,,0,0,0,68,45,45,,,,,
USC00420072,ALTA, UT US,40.5905,-111.6369,2660.9,9/20/1980,,,,,0,0,0,65,42,45,,,,,
USC00420072,ALTA, UT US,40.5905,-111.6369,2660.9,9/21/1980,,,,,0.09,0,0,53,36,36,,,,,
USC00420072,ALTA, UT US,40.5905,-111.6369,2660.9,9/22/1980,,,,,0.18,0,0,44,27,27,,,,,
USC00420072,ALTA, UT US,40.5905,-111.6369,2660.9,9/23/1980,,,,,0,0,0,48,27,32,,,,,
USC00420072,ALTA, UT US,40.5905,-111.6369,2660.9,9/24/1980,,,,,0,0,0,49,32,39,,,,,
USC00420072,ALTA, UT US,40.5905,-111.6369,2660.9,9/25/1980,,,,,0,0,0,56,39,40,,,,,
USC00420072,ALTA, UT US,40.5905,-111.6369,2660.9,9/26/1980,,,,,0,0,0,63,40,44,,,,,
USC00420072,ALTA, UT US,40.5905,-111.6369,2660.9,9/27/1980,,,,,0,0,0,68,41,42,,,,,
USC00420072,ALTA, UT US,40.5905,-111.6369,2660.9,9/28/1980,,,,,0,0,0,66,41,41,,,,,
USC00420072,ALTA, UT US,40.5905,-111.6369,2660.9,9/29/1980,,,,,0,0,0,67,39,41,,,,,
USC00420072,ALTA, UT US,40.5905,-111.6369,2660.9,9/30/1980,,,,,0,0,0,65,39,49,,,,,
USC00420072,ALTA, UT US,40.5905,-111.6369,2660.9,10/1/1980,,,,,0,0,0,68,41,48,,,,,
USC00420072,ALTA, UT US,40.5905,-111.6369,2660.9,10/2/1980,,,,,0,0,0,62,43,44,,,,,
USC00420072,ALTA, UT US,40.5905,-111.6369,2660.9,10/3/1980,,,,,0,0,0,67,42,44,,,,,
USC00420072,ALTA, UT US,40.5905,-111.6369,2660.9,10/4/1980,,,,,0,0,0,64,43,47,,,,,
USC00420072,ALTA, UT US,40.5905,-111.6369,2660.9,10/5/1980,,,,,0,0,0,65,45,48,,,,,
USC00420072,ALTA, UT US,40.5905,-111.6369,2660.9,10/6/1980,,,,,0,0,0,63,46,48,,,,,
USC00420072,ALTA, UT US,40.5905,-111.6369,2660.9,10/7/1980,,,,,0,0,0,65,46,48,,,,,
USC00420072,ALTA, UT US,40.5905,-111.6369,2660.9,10/8/1980,,,,,0,0,0,65,45,46,,,,,
USC00420072,ALTA, UT US,40.5905,-111.6369,2660.9,10/9/1980,,,,,0,0,0,64,44,48,,,,,
USC00420072,ALTA, UT US,40.5905,-111.6369,2660.9,10/10/1980,,,,,0,0,0,63,39,40,,,,,
USC00420072,ALTA, UT US,40.5905,-111.6369,2660.9,10/11/1980,,,,,0,0,0,63,39,41,,,,,
USC00420072,ALTA, UT US,40.5905,-111.6369,2660.9,10/12/1980,,,,,0,0,0,62,41,45,,,,,
USC00420072,ALTA, UT US,40.5905,-111.6369,2660.9,10/13/1980,,,,,0.78,1,1,48,30,31,,1,,,
USC00420072,ALTA, UT US,40.5905,-111.6369,2660.9,10/14/1980,,,,,0.26,1,1,49,31,39,,1,,,
USC00420072,ALTA, UT US,40.5905,-111.6369,2660.9,10/15/1980,,,,,1.15,10,11,41,24,25,,,,,
USC00420072,ALTA, UT US,40.5905,-111.6369,2660.9,10/16/1980,,,,,0.72,5,16,30,22,24,,,,,
USC00420072,ALTA, UT US,40.5905,-111.6369,2660.9,10/17/1980,,,,,1.4,12,29,26,22,24,,,,,
USC00420072,ALTA, UT US,40.5905,-111.6369,2660.9,10/18/1980,,,,,0.43,3,25,31,21,23,,,,,
USC00420072,ALTA, UT US,40.5905,-111.6369,2660.9,10/19/1980,,,,,0,0,18,39,23,28,,,,,
USC00420072,ALTA, UT US,40.5905,-111.6369,2660.9,10/20/1980,,,,,0,0,10,48,28,29,,,,,
USC00420072,ALTA, UT US,40.5905,-111.6369,2660.9,10/21/1980,,,,,0,0,6,47,27,29,,,,,
USC00420072,ALTA, UT US,40.5905,-111.6369,2660.9,10/22/1980,,,,,0,0,4,49,27,29,,,,,
USC00420072,ALTA, UT US,40.5905,-111.6369,2660.9,10/23/1980,,,,,0,0,3,35,15,15,,,,,
USC00420072,ALTA, UT US,40.5905,-111.6369,2660.9,10/24/1980,,,,,0,0,2,35,15,26,,,,,
USC00420072,ALTA, UT US,40.5905,-111.6369,2660.9,10/25/1980,,,,,0,0,0,48,24,28,,,,,
USC00420072,ALTA, UT US,40.5905,-111.6369,2660.9,10/26/1980,,,,,0,0,0,54,27,27,,,,,
USC00420072,ALTA, UT US,40.5905,-111.6369,2660.9,10/27/1980,,,,,0.36,5,5,31,21,22,,,,,
USC00420072,ALTA, UT US,40.5905,-111.6369,2660.9,10/28/1980,,,,,0,0,5,32,16,28,,,,,
USC00420072,ALTA, UT US,40.5905,-111.6369,2660.9,10/29/1980,,,,,0,0,4,32,13,15,,,,,
USC00420072,ALTA, UT US,40.5905,-111.6369,2660.9,10/30/1980,,,,,0,0,4,47,15,30,,,,,
USC00420072,ALTA, UT US,40.5905,-111.6369,2660.9,10/31/1980,,,,,0,0,2,51,30,36,,,,,
USC00420072,ALTA, UT US,40.5905,-111.6369,2660.9,11/1/1980,,,,,0,0,2,57,33,38,,,,,
USC00420072,ALTA, UT US,40.5905,-111.6369,2660.9,11/2/1980,,,,,0,0,1,59,34,40,,,,,
USC00420072,ALTA, UT US,40.5905,-111.6369,2660.9,11/3/1980,,,,,0,0,0,48,35,37,,,,,
USC00420072,ALTA, UT US,40.5905,-111.6369,2660.9,11/4/1980,,,,,0,0,0,51,35,35,,,,,
USC00420072,ALTA, UT US,40.5905,-111.6369,2660.9,11/5/1980,,,,,0,0,0,56,35,37,,,,,
USC00420072,ALTA, UT US,40.5905,-111.6369,2660.9,11/6/1980,,,,,0,0,0,62,37,42,,,,,
USC00420072,ALTA, UT US,40.5905,-111.6369,2660.9,11/7/1980,,,,,0,0,0,55,33,33,,,,,
USC00420072,ALTA, UT US,40.5905,-111.6369,2660.9,11/8/1980,,,,,0,0,0,43,29,35,,,,,
USC00420072,ALTA, UT US,40.5905,-111.6369,2660.9,11/9/1980,,,,,0,0,0,56,36,38,,,,,
USC00420072,ALTA, UT US,40.5905,-111.6369,2660.9,11/10/1980,,,,,0,0,0,55,38,38,,,,,
USC00420072,ALTA, UT US,40.5905,-111.6369,2660.9,11/11/1980,,,,,0,0,0,55,38,45,,,,,
USC00420072,ALTA, UT US,40.5905,-111.6369,2660.9,11/12/1980,,,,,1.47,3,3,48,31,33,,1,,,
USC00420072,ALTA, UT US,40.5905,-111.6369,2660.9,11/13/1980,,,,,1.14,8,10,36,18,20,,,,,
USC00420072,ALTA, UT US,40.5905,-111.6369,2660.9,11/14/1980,,,,,0.24,5,14,29,14,14,,,,,
USC00420072,ALTA, UT US,40.5905,-111.6369,2660.9,11/15/1980,,,,,0,0,12,24,4,8,,,,,
USC00420072,ALTA, UT US,40.5905,-111.6369,2660.9,11/16/1980,,,,,0,0,10,28,8,13,,,,,
USC00420072,ALTA, UT US,40.5905,-111.6369,2660.9,11/17/1980,,,,,0,0,9,28,12,18,,,,,
USC00420072,ALTA, UT US,40.5905,-111.6369,2660.9,11/18/1980,,,,,0,0,8,37,17,20,,,,,
USC00420072,ALTA, UT US,40.5905,-111.6369,2660.9,11/19/1980,,,,,0,0,7,37,19,24,,,,,
USC00420072,ALTA, UT US,40.5905,-111.6369,2660.9,11/20/1980,,,,,0,0,7,41,20,24,,,,,
USC00420072,ALTA, UT US,40.5905,-111.6369,2660.9,11/21/1980,,,,,0,0,7,42,22,24,,,,,
USC00420072,ALTA, UT US,40.5905,-111.6369,2660.9,11/22/1980,,,,,0.12,1,7,42,22,25,,,,,
USC00420072,ALTA, UT US,40.5905,-111.6369,2660.9,11/23/1980,,,,,0.72,5,12,27,15,15,,,,,
USC00420072,ALTA, UT US,40.5905,-111.6369,2660.9,11/24/1980,,,,,1.01,12,24,37,15,15,,,,,
USC00420072,ALTA, UT US,40.5905,-111.6369,2660.9,11/25/1980,,,,,0.39,6,23,38,15,15,,,,,
USC00420072,ALTA, UT US,40.5905,-111.6369,2660.9,11/26/1980,,,,,0,0,20,40,13,13,,,,,
USC00420072,ALTA, UT US,40.5905,-111.6369,2660.9,11/27/1980,,,,,0,0,18,35,14,22,,,,,
USC00420072,ALTA, UT US,40.5905,-111.6369,2660.9,11/28/1980,,,,,0,0,18,35,22,35,,,,,
USC00420072,ALTA, UT US,40.5905,-111.6369,2660.9,11/29/1980,,,,,0,0,15,46,32,45,,,,,
USC00420072,ALTA, UT US,40.5905,-111.6369,2660.9,11/30/1980,,,,,0,0,14,44,37,37,,,,,
USC00420072,ALTA, UT US,40.5905,-111.6369,2660.9,12/1/1980,,,,,0,0,14,38,15,15,,,,,
USC00420072,ALTA, UT US,40.5905,-111.6369,2660.9,12/2/1980,,,,,0,0,14,40,13,40,,,,,
USC00420072,ALTA, UT US,40.5905,-111.6369,2660.9,12/3/1980,,,,,0,0,14,47,35,37,,,,,
USC00420072,ALTA, UT US,40.5905,-111.6369,2660.9,12/4/1980,,,,,0,0,14,40,30,34,,,,,
USC00420072,ALTA, UT US,40.5905,-111.6369,2660.9,12/5/1980,,,,,1.71,10,25,37,20,20,,,,,
USC00420072,ALTA, UT US,40.5905,-111.6369,2660.9,12/6/1980,,,,,0.34,6,28,27,15,17,,,,,
USC00420072,ALTA, UT US,40.5905,-111.6369,2660.9,12/7/1980,,,,,0.78,10,33,20,15,15,,,,,
USC00420072,ALTA, UT US,40.5905,-111.6369,2660.9,12/8/1980,,,,,0.19,3,31,28,1,3,,,,,
USC00420072,ALTA, UT US,40.5905,-111.6369,2660.9,12/9/1980,,,,,0,0,30,27,0,5,,,,,
USC00420072,ALTA, UT US,40.5905,-111.6369,2660.9,12/10/1980,,,,,0,0,27,39,5,12,,,,,
USC00420072,ALTA, UT US,40.5905,-111.6369,2660.9,12/11/1980,,,,,0,0,25,37,12,19,,,,,
USC00420072,ALTA, UT US,40.5905,-111.6369,2660.9,12/12/1980,,,,,0,0,24,45,19,32,,,,,
USC00420072,ALTA, UT US,40.5905,-111.6369,2660.9,12/13/1980,,,,,0,0,23,47,31,34,,,,,
USC00420072,ALTA, UT US,40.5905,-111.6369,2660.9,12/14/1980,,,,,0,0,22,46,27,27,,,,,
USC00420072,ALTA, UT US,40.5905,-111.6369,2660.9,12/15/1980,,,,,0,0,21,44,25,36,,,,,
USC00420072,ALTA, UT US,40.5905,-111.6369,2660.9,12/16/1980,,,,,0,0,20,44,34,39,,,,,
USC00420072,ALTA, UT US,40.5905,-111.6369,2660.9,12/17/1980,,,,,0,0,20,54,35,40,,,,,
USC00420072,ALTA, UT US,40.5905,-111.6369,2660.9,12/18/1980,,,,,0,0,20,58,30,32,,,,,
USC00420072,ALTA, UT US,40.5905,-111.6369,2660.9,12/19/1980,,,,,0,0,19,48,26,26,,,,,
USC00420072,ALTA, UT US,40.5905,-111.6369,2660.9,12/20/1980,,,,,0,0,18,46,22,20,,,,,
USC00420072,ALTA, UT US,40.5905,-111.6369,2660.9,12/21/1980,,,,,0,0,18,45,20,28,,,,,
USC00420072,ALTA, UT US,40.5905,-111.6369,2660.9,12/22/1980,,,,,0.32,2,19,43,28,35,,,,,
USC00420072,ALTA, UT US,40.5905,-111.6369,2660.9,12/23/1980,,,,,0.24,2,19,39,20,20,,,,,
USC00420072,ALTA, UT US,40.5905,-111.6369,2660.9,12/24/1980,,,,,0,0,18,28,15,28,,,,,
USC00420072,ALTA, UT US,40.5905,-111.6369,2660.9,12/25/1980,,,,,0,0,18,40,25,32,,,,,
USC00420072,ALTA, UT US,40.5905,-111.6369,2660.9,12/26/1980,,,,,0.15,1,18,37,27,29,,,,,
USC00420072,ALTA, UT US,40.5905,-111.6369,2660.9,12/27/1980,,,,,0,0,17,48,29,45,,,,,
USC00420072,ALTA, UT US,40.5905,-111.6369,2660.9,12/28/1980,,,,,0,0,16,52,30,32,,,,,
USC00420072,ALTA, UT US,40.5905,-111.6369,2660.9,12/29/1980,,,,,0,0,16,44,24,29,,,,,
USC00420072,ALTA, UT US,40.5905,-111.6369,2660.9,12/30/1980,,,,,0,0,15,49,29,33,,,,,
USC00420072,ALTA, UT US,40.5905,-111.6369,2660.9,12/31/1980,,,,,0,0,14,52,32,35,,,,,
USC00420072,ALTA, UT US,40.5905,-111.6369,2660.9,1/1/1981,,,,,0,0,14,54,32,35,,,,,
USC00420072,ALTA, UT US,40.5905,-111.6369,2660.9,1/2/1981,,,,,0,0,13,54,32,32,,,,,
USC00420072,ALTA, UT US,40.5905,-111.6369,2660.9,1/3/1981,,,,,0,0,13,45,24,26,,,,,
USC00420072,ALTA, UT US,40.5905,-111.6369,2660.9,1/4/1981,,,,,0.09,1,13,42,26,26,,,,,
USC00420072,ALTA, UT US,40.5905,-111.6369,2660.9,1/5/1981,,,,,0.67,8,22,30,5,12,,,,,
USC00420072,ALTA, UT US,40.5905,-111.6369,2660.9,1/6/1981,,,,,0,0,19,26,4,26,,,,,
USC00420072,ALTA, UT US,40.5905,-111.6369,2660.9,1/7/1981,,,,,0,0,18,46,25,25,,,,,
USC00420072,ALTA, UT US,40.5905,-111.6369,2660.9,1/8/1981,,,,,0,0,18,46,24,24,,,,,
USC00420072,ALTA, UT US,40.5905,-111.6369,2660.9,1/9/1981,,,,,0,0,17,46,19,22,,,,,
USC00420072,ALTA, UT US,40.5905,-111.6369,2660.9,1/10/1981,,,,,0,0,17,41,22,32,,,,,
USC00420072,ALTA, UT US,40.5905,-111.6369,2660.9,1/11/1981,,,,,0,0,17,46,29,30,,,,,
USC00420072,ALTA, UT US,40.5905,-111.6369,2660.9,1/12/1981,,,,,0,0,16,46,24,30,,,,,
USC00420072,ALTA, UT US,40.5905,-111.6369,2660.9,1/13/1981,,,,,0,0,15,42,26,29,,,,,
USC00420072,ALTA, UT US,40.5905,-111.6369,2660.9,1/14/1981,,,,,0,0,15,45,25,25,,,,,
USC00420072,ALTA, UT US,40.5905,-111.6369,2660.9,1/15/1981,,,,,0,0,14,46,20,20,,,,,
USC00420072,ALTA, UT US,40.5905,-111.6369,2660.9,1/16/1981,,,,,0,0,14,43,18,20,,,,,
USC00420072,ALTA, UT US,40.5905,-111.6369,2660.9,1/17/1981,,,,,0,0,14,36,20,27,,,,,
USC00420072,ALTA, UT US,40.5905,-111.6369,2660.9,1/18/1981,,,,,0.15,2,14,33,20,23,,,,,
USC00420072,ALTA, UT US,40.5905,-111.6369,2660.9,1/19/1981,,,,,0,0,14,37,18,21,,,,,
USC00420072,ALTA, UT US,40.5905,-111.6369,2660.9,1/20/1981,,,,,0,0,13,41,19,29,,,,,
USC00420072,ALTA, UT US,40.5905,-111.6369,2660.9,1/21/1981,,,,,0,0,13,45,25,27,,,,,
USC00420072,ALTA, UT US,40.5905,-111.6369,2660.9,1/22/1981,,,,,0,0,12,51,27,35,,,,,
USC00420072,ALTA, UT US,40.5905,-111.6369,2660.9,1/23/1981,,,,,0,0,12,57,31,33,,,,,
USC00420072,ALTA, UT US,40.5905,-111.6369,2660.9,1/24/1981,,,,,0.22,2,14,45,18,18,,,,,
USC00420072,ALTA, UT US,40.5905,-111.6369,2660.9,1/25/1981,,,,,0.8,8,22,22,10,12,,,,,
USC00420072,ALTA, UT US,40.5905,-111.6369,2660.9,1/26/1981,,,,,0,0,22,21,6,6,,,,,
USC00420072,ALTA, UT US,40.5905,-111.6369,2660.9,1/27/1981,,,,,0,0,21,26,6,20,,,,,
USC00420072,ALTA, UT US,40.5905,-111.6369,2660.9,1/28/1981,,,,,0.11,1,22,34,18,27,,,,,
USC00420072,ALTA, UT US,40.5905,-111.6369,2660.9,1/29/1981,,,,,0.67,11,30,30,18,20,,,,,
USC00420072,ALTA, UT US,40.5905,-111.6369,2660.9,1/30/1981,,,,,1.07,14,42,26,18,22,,,,,
USC00420072,ALTA, UT US,40.5905,-111.6369,2660.9,1/31/1981,,,,,1.8,26,53,22,9,9,,,,,
USC00420072,ALTA, UT US,40.5905,-111.6369,2660.9,2/1/1981,,,,,0.97,19,63,11,7,7,,,,,
USC00420072,ALTA, UT US,40.5905,-111.6369,2660.9,2/2/1981,,,,,0.41,9,62,16,5,7,,,,,
USC00420072,ALTA, UT US,40.5905,-111.6369,2660.9,2/3/1981,,,,,0,0,57,32,6,18,,,,,
USC00420072,ALTA, UT US,40.5905,-111.6369,2660.9,2/4/1981,,,,,0,0,52,42,13,13,,,,,
USC00420072,ALTA, UT US,40.5905,-111.6369,2660.9,2/5/1981,,,,,0,0,48,37,7,9,,,,,
USC00420072,ALTA, UT US,40.5905,-111.6369,2660.9,2/6/1981,,,,,0,0,45,38,9,13,,,,,
USC00420072,ALTA, UT US,40.5905,-111.6369,2660.9,2/7/1981,,,,,0.1,1,45,24,6,13,,,,,
USC00420072,ALTA, UT US,40.5905,-111.6369,2660.9,2/8/1981,,,,,0,0,45,17,5,15,,,,,
USC00420072,ALTA, UT US,40.5905,-111.6369,2660.9,2/9/1981,,,,,0.1,1,45,27,15,20,,,,,
USC00420072,ALTA, UT US,40.5905,-111.6369,2660.9,2/10/1981,,,,,0.8,8,51,25,1,1,,,,,
USC00420072,ALTA, UT US,40.5905,-111.6369,2660.9,2/11/1981,,,,,0,0,50,14,-10,10,,,,,
USC00420072,ALTA, UT US,40.5905,-111.6369,2660.9,2/12/1981,,,,,0.49,5,54,27,10,21,,,,,
USC00420072,ALTA, UT US,40.5905,-111.6369,2660.9,2/13/1981,,,,,0,0,49,43,20,20,,,,,
USC00420072,ALTA, UT US,40.5905,-111.6369,2660.9,2/14/1981,,,,,0,0,46,52,20,36,,,,,
USC00420072,ALTA, UT US,40.5905,-111.6369,2660.9,2/15/1981,,,,,0,0,45,45,18,18,,,,,
USC00420072,ALTA, UT US,40.5905,-111.6369,2660.9,2/16/1981,,,,,0,0,45,36,18,23,,,,,
USC00420072,ALTA, UT US,40.5905,-111.6369,2660.9,2/17/1981,,,,,0.12,1,43,44,21,31,,,,,
USC00420072,ALTA, UT US,40.5905,-111.6369,2660.9,2/18/1981,,,,,0,0,42,31,20,29,,,,,
USC00420072,ALTA, UT US,40.5905,-111.6369,2660.9,2/19/1981,,,,,0,0,40,40,29,32,,,,,
USC00420072,ALTA, UT US,40.5905,-111.6369,2660.9,2/20/1981,,,,,0.2,2,43,48,13,13,,,,,
USC00420072,ALTA, UT US,40.5905,-111.6369,2660.9,2/21/1981,,,,,1.23,14,53,16,2,5,,,,,
USC00420072,ALTA, UT US,40.5905,-111.6369,2660.9,2/22/1981,,,,,0,0,51,27,5,17,,,,,
USC00420072,ALTA, UT US,40.5905,-111.6369,2660.9,2/23/1981,,,,,0,0,49,40,16,27,,,,,
USC00420072,ALTA, UT US,40.5905,-111.6369,2660.9,2/24/1981,,,,,0,0,47,44,27,35,,,,,
USC00420072,ALTA, UT US,40.5905,-111.6369,2660.9,2/25/1981,,,,,0,0,46,48,30,32,,,,,
USC00420072,ALTA, UT US,40.5905,-111.6369,2660.9,2/26/1981,,,,,0.48,6,52,45,22,22,,,,,
USC00420072,ALTA, UT US,40.5905,-111.6369,2660.9,2/27/1981,,,,,1.31,16,58,37,19,19,,,,,
USC00420072,ALTA, UT US,40.5905,-111.6369,2660.9,2/28/1981,,,,,0,0,51,38,15,15,,,,,
USC00420072,ALTA, UT US,40.5905,-111.6369,2660.9,3/1/1981,,,,,0,0,49,37,15,21,,,,,
USC00420072,ALTA, UT US,40.5905,-111.6369,2660.9,3/2/1981,,,,,0,0,49,35,20,26,,,,,
USC00420072,ALTA, UT US,40.5905,-111.6369,2660.9,3/3/1981,,,,,0.33,4,54,33,18,18,,,,,
USC00420072,ALTA, UT US,40.5905,-111.6369,2660.9,3/4/1981,,,,,0.29,3,54,38,14,16,,,,,
USC00420072,ALTA, UT US,40.5905,-111.6369,2660.9,3/5/1981,,,,,0,0,52,45,15,22,,,,,
USC00420072,ALTA, UT US,40.5905,-111.6369,2660.9,3/6/1981,,,,,0,0,50,35,18,19,,,,,
USC00420072,ALTA, UT US,40.5905,-111.6369,2660.9,3/7/1981,,,,,0.07,1,50,35,18,22,,,,,
USC00420072,ALTA, UT US,40.5905,-111.6369,2660.9,3/8/1981,,,,,0,0,50,34,15,15,,,,,
USC00420072,ALTA, UT US,40.5905,-111.6369,2660.9,3/9/1981,,,,,0.1,2,50,37,15,16,,,,,
USC00420072,ALTA, UT US,40.5905,-111.6369,2660.9,3/10/1981,,,,,0,0,50,39,16,17,,,,,
USC00420072,ALTA, UT US,40.5905,-111.6369,2660.9,3/11/1981,,,,,0,0,50,35,15,24,,,,,
USC00420072,ALTA, UT US,40.5905,-111.6369,2660.9,3/12/1981,,,,,0,0,49,40,18,18,,,,,
USC00420072,ALTA, UT US,40.5905,-111.6369,2660.9,3/13/1981,,,,,0.09,2,50,36,17,18,,,,,
USC00420072,ALTA, UT US,40.5905,-111.6369,2660.9,3/14/1981,,,,,0.2,2,50,38,18,23,,,,,
USC00420072,ALTA, UT US,40.5905,-111.6369,2660.9,3/15/1981,,,,,0,0,48,43,21,21,,,,,
USC00420072,ALTA, UT US,40.5905,-111.6369,2660.9,3/16/1981,,,,,0,0,47,45,22,31,,1,,,
USC00420072,ALTA, UT US,40.5905,-111.6369,2660.9,3/17/1981,,,,,1.61,17,64,35,8,8,,,,,
USC00420072,ALTA, UT US,40.5905,-111.6369,2660.9,3/18/1981,,,,,0.86,10,69,16,3,3,,,,,
USC00420072,ALTA, UT US,40.5905,-111.6369,2660.9,3/19/1981,,,,,0,0,60,36,3,26,,,,,
USC00420072,ALTA, UT US,40.5905,-111.6369,2660.9,3/20/1981,,,,,0.32,3,59,39,26,27,,,,,
USC00420072,ALTA, UT US,40.5905,-111.6369,2660.9,3/21/1981,,,,,2.46,21,79,31,16,16,,,,,
USC00420072,ALTA, UT US,40.5905,-111.6369,2660.9,3/22/1981,,,,,0.27,3,77,22,13,20,,,,,
USC00420072,ALTA, UT US,40.5905,-111.6369,2660.9,3/23/1981,,,,,0,0,69,39,20,23,,,,,
USC00420072,ALTA, UT US,40.5905,-111.6369,2660.9,3/24/1981,,,,,0.35,3,64,47,22,25,,,,,
USC00420072,ALTA, UT US,40.5905,-111.6369,2660.9,3/25/1981,,,,,0,0,61,24,20,22,,,,,
USC00420072,ALTA, UT US,40.5905,-111.6369,2660.9,3/26/1981,,,,,0,0,58,45,22,38,,,,,
USC00420072,ALTA, UT US,40.5905,-111.6369,2660.9,3/27/1981,,,,,0.9,9,66,40,18,18,,,,,
USC00420072,ALTA, UT US,40.5905,-111.6369,2660.9,3/28/1981,,,,,0.66,6,70,25,17,21,,,,,
USC00420072,ALTA, UT US,40.5905,-111.6369,2660.9,3/29/1981,,,,,0.25,2,66,36,20,24,,1,,,
USC00420072,ALTA, UT US,40.5905,-111.6369,2660.9,3/30/1981,,,,,1.42,12,75,42,13,13,,,,,
USC00420072,ALTA, UT US,40.5905,-111.6369,2660.9,3/31/1981,,,,,0.81,10,79,16,11,12,,,,,
USC00420072,ALTA, UT US,40.5905,-111.6369,2660.9,4/1/1981,,,,,0,0,76,44,12,31,,,,,
USC00420072,ALTA, UT US,40.5905,-111.6369,2660.9,4/2/1981,,,,,0,0,73,43,31,34,,,,,
USC00420072,ALTA, UT US,40.5905,-111.6369,2660.9,4/3/1981,,,,,0.68,6,74,44,13,13,,,,,
USC00420072,ALTA, UT US,40.5905,-111.6369,2660.9,4/4/1981,,,,,1.48,17,90,17,9,9,,,,,
USC00420072,ALTA, UT US,40.5905,-111.6369,2660.9,4/5/1981,,,,,1.05,14,97,18,9,14,,,,,
USC00420072,ALTA, UT US,40.5905,-111.6369,2660.9,4/6/1981,,,,,0,0,90,52,15,30,,,,,
USC00420072,ALTA, UT US,40.5905,-111.6369,2660.9,4/7/1981,,,,,0.34,4,86,40,22,23,,,,,
USC00420072,ALTA, UT US,40.5905,-111.6369,2660.9,4/8/1981,,,,,0,0,80,30,12,12,,,,,
USC00420072,ALTA, UT US,40.5905,-111.6369,2660.9,4/9/1981,,,,,0,0,78,40,12,37,,,,,
USC00420072,ALTA, UT US,40.5905,-111.6369,2660.9,4/10/1981,,,,,0,0,76,46,34,39,,1,,,
USC00420072,ALTA, UT US,40.5905,-111.6369,2660.9,4/11/1981,,,,,0.7,6,82,52,31,31,,1,,,
USC00420072,ALTA, UT US,40.5905,-111.6369,2660.9,4/12/1981,,,,,0,0,77,48,31,33,,,,,
USC00420072,ALTA, UT US,40.5905,-111.6369,2660.9,4/13/1981,,,,,0,0,74,52,26,26,,,,,
USC00420072,ALTA, UT US,40.5905,-111.6369,2660.9,4/14/1981,,,,,0,0,71,50,26,36,,,,,
USC00420072,ALTA, UT US,40.5905,-111.6369,2660.9,4/15/1981,,,,,0,0,70,63,36,38,,,,,
USC00420072,ALTA, UT US,40.5905,-111.6369,2660.9,4/16/1981,,,,,0.2,0,68,52,33,40,,,,,
USC00420072,ALTA, UT US,40.5905,-111.6369,2660.9,4/17/1981,,,,,0,0,66,53,39,40,,,,,
USC00420072,ALTA, UT US,40.5905,-111.6369,2660.9,4/18/1981,,,,,0,0,61,61,37,44,,,,,
USC00420072,ALTA, UT US,40.5905,-111.6369,2660.9,4/19/1981,,,,,0.23,0,57,58,38,38,,,,,
USC00420072,ALTA, UT US,40.5905,-111.6369,2660.9,4/20/1981,,,,,0.18,2,55,41,26,30,,,,,
USC00420072,ALTA, UT US,40.5905,-111.6369,2660.9,4/21/1981,,,,,0,0,52,40,30,34,,,,,
USC00420072,ALTA, UT US,40.5905,-111.6369,2660.9,4/22/1981,,,,,0.36,2,51,34,15,15,,,,,
USC00420072,ALTA, UT US,40.5905,-111.6369,2660.9,4/23/1981,,,,,0,0,51,45,15,35,,,,,
USC00420072,ALTA, UT US,40.5905,-111.6369,2660.9,4/24/1981,,,,,0,0,47,56,35,46,,,,,
USC00420072,ALTA, UT US,40.5905,-111.6369,2660.9,4/25/1981,,,,,0,0,45,62,43,46,,,,,
USC00420072,ALTA, UT US,40.5905,-111.6369,2660.9,4/26/1981,,,,,0,0,43,65,46,48,,,,,
USC00420072,ALTA, UT US,40.5905,-111.6369,2660.9,4/27/1981,,,,,0.17,0,41,57,35,35,,,,,
USC00420072,ALTA, UT US,40.5905,-111.6369,2660.9,4/28/1981,,,,,0.34,1,40,44,27,28,,,,,
USC00420072,ALTA, UT US,40.5905,-111.6369,2660.9,4/29/1981,,,,,0,0,40,61,28,40,,,,,
USC00420072,ALTA, UT US,40.5905,-111.6369,2660.9,4/30/1981,,,,,0,0,38,65,40,44,,,,,
USC00420072,ALTA, UT US,40.5905,-111.6369,2660.9,5/1/1981,,,,,0,0,35,66,45,46,,,,,
USC00420072,ALTA, UT US,40.5905,-111.6369,2660.9,5/2/1981,,,,,0,0,33,70,41,50,,,,,
USC00420072,ALTA, UT US,40.5905,-111.6369,2660.9,5/3/1981,,,,,1.21,5,35,56,30,32,,,,,
USC00420072,ALTA, UT US,40.5905,-111.6369,2660.9,5/4/1981,,,,,0.23,3,36,44,24,30,,,,,
USC00420072,ALTA, UT US,40.5905,-111.6369,2660.9,5/5/1981,,,,,0,0,34,52,29,40,,,,,
USC00420072,ALTA, UT US,40.5905,-111.6369,2660.9,5/6/1981,,,,,0.33,1,32,53,31,33,,,,,
USC00420072,ALTA, UT US,40.5905,-111.6369,2660.9,5/7/1981,,,,,0.16,2.5,32,41,21,22,,,,,
USC00420072,ALTA, UT US,40.5905,-111.6369,2660.9,5/8/1981,,,,,0.33,2.5,33,37,21,24,,,,,
USC00420072,ALTA, UT US,40.5905,-111.6369,2660.9,5/9/1981,,,,,0.86,10,41,30,21,22,,,,,
USC00420072,ALTA, UT US,40.5905,-111.6369,2660.9,5/10/1981,,,,,0,0,36,47,22,31,,,,,
USC00420072,ALTA, UT US,40.5905,-111.6369,2660.9,5/11/1981,,,,,0.64,2,35,51,25,26,,,,,
USC00420072,ALTA, UT US,40.5905,-111.6369,2660.9,5/12/1981,,,,,0,0,35,39,24,25,,,,,
USC00420072,ALTA, UT US,40.5905,-111.6369,2660.9,5/13/1981,,,,,0,0,35,33,21,23,,,,,
USC00420072,ALTA, UT US,40.5905,-111.6369,2660.9,5/14/1981,,,,,0,0,33,49,22,45,,,,,
USC00420072,ALTA, UT US,40.5905,-111.6369,2660.9,5/15/1981,,,,,0.38,3,35,57,30,31,,,,,
USC00420072,ALTA, UT US,40.5905,-111.6369,2660.9,5/16/1981,,,,,1.11,12,42,37,25,27,,,,,
USC00420072,ALTA, UT US,40.5905,-111.6369,2660.9,5/17/1981,,,,,0.64,5,47,30,25,26,,,,,
USC00420072,ALTA, UT US,40.5905,-111.6369,2660.9,5/18/1981,,,,,0.29,3,48,36,26,30,,,,,
USC00420072,ALTA, UT US,40.5905,-111.6369,2660.9,5/19/1981,,,,,0.21,0,44,54,29,44,,,,,
USC00420072,ALTA, UT US,40.5905,-111.6369,2660.9,5/20/1981,,,,,0,0,44,53,32,32,,,,,
USC00420072,ALTA, UT US,40.5905,-111.6369,2660.9,5/21/1981,,,,,1.21,6,44,41,27,29,,,,,
USC00420072,ALTA, UT US,40.5905,-111.6369,2660.9,5/22/1981,,,,,0.39,3,45,35,29,31,,,,,
USC00420072,ALTA, UT US,40.5905,-111.6369,2660.9,5/23/1981,,,,,0.51,5,46,39,31,31,,,,,
USC00420072,ALTA, UT US,40.5905,-111.6369,2660.9,5/24/1981,,,,,0.13,0,43,52,31,34,,,,,
USC00420072,ALTA, UT US,40.5905,-111.6369,2660.9,5/25/1981,,,,,0.28,3,42,54,34,39,,1,,,
USC00420072,ALTA, UT US,40.5905,-111.6369,2660.9,5/26/1981,,,,,0.19,0,38,54,39,43,,,,,
USC00420072,ALTA, UT US,40.5905,-111.6369,2660.9,5/27/1981,,,,,0.36,0,36,47,37,39,,1,,,
USC00420072,ALTA, UT US,40.5905,-111.6369,2660.9,5/28/1981,,,,,0.12,0,33,52,38,43,,,,,
USC00420072,ALTA, UT US,40.5905,-111.6369,2660.9,5/29/1981,,,,,0.07,0,30,53,40,42,,1,,,
USC00420072,ALTA, UT US,40.5905,-111.6369,2660.9,5/30/1981,,,,,0.11,0,26,62,39,41,,,,,
USC00420072,ALTA, UT US,40.5905,-111.6369,2660.9,5/31/1981,,,,,0.39,0,24,62,38,40,,,,,
USC00420072,ALTA, UT US,40.5905,-111.6369,2660.9,6/1/1981,,,,,0,0,22,54,38,41,,,,,
USC00420072,ALTA, UT US,40.5905,-111.6369,2660.9,6/2/1981,,,,,0,0,20,59,39,46,,,,,
USC00420072,ALTA, UT US,40.5905,-111.6369,2660.9,6/3/1981,,,,,0.78,0,18,58,37,39,,,,,
USC00420072,ALTA, UT US,40.5905,-111.6369,2660.9,6/4/1981,,,,,0,0,17,46,35,37,,,,,
USC00420072,ALTA, UT US,40.5905,-111.6369,2660.9,6/5/1981,,,,,0,0,15,59,37,45,,,,,
USC00420072,ALTA, UT US,40.5905,-111.6369,2660.9,6/6/1981,,,,,0,0,12,66,45,51,,1,,,
USC00420072,ALTA, UT US,40.5905,-111.6369,2660.9,6/7/1981,,,,,0,0,8,67,46,49,,,,,
USC00420072,ALTA, UT US,40.5905,-111.6369,2660.9,6/8/1981,,,,,0,0,5,67,48,52,,,,,
USC00420072,ALTA, UT US,40.5905,-111.6369,2660.9,6/9/1981,,,,,0,0,3,68,45,45,,,,,
USC00420072,ALTA, UT US,40.5905,-111.6369,2660.9,6/10/1981,,,,,0,0,0,62,45,47,,,,,
USC00420072,ALTA, UT US,40.5905,-111.6369,2660.9,6/11/1981,,,,,0,0,0,64,44,48,,,,,
USC00420072,ALTA, UT US,40.5905,-111.6369,2660.9,6/12/1981,,,,,0,0,0,67,44,49,,,,,
USC00420072,ALTA, UT US,40.5905,-111.6369,2660.9,6/13/1981,,,,,0.64,1.5,2,63,27,27,,,,,
USC00420072,ALTA, UT US,40.5905,-111.6369,2660.9,6/14/1981,,,,,0.76,6,5,42,21,22,,,,,
USC00420072,ALTA, UT US,40.5905,-111.6369,2660.9,6/15/1981,,,,,0.17,1.5,3,33,23,30,,,,,
USC00420072,ALTA, UT US,40.5905,-111.6369,2660.9,6/16/1981,,,,,0,0,0,49,27,38,,,,,
USC00420072,ALTA, UT US,40.5905,-111.6369,2660.9,6/17/1981,,,,,0,0,0,62,35,42,,,,,
USC00420072,ALTA, UT US,40.5905,-111.6369,2660.9,6/18/1981,,,,,0,0,0,54,40,43,,,,,
USC00420072,ALTA, UT US,40.5905,-111.6369,2660.9,6/19/1981,,,,,0,0,0,61,43,52,,,,,
USC00420072,ALTA, UT US,40.5905,-111.6369,2660.9,6/20/1981,,,,,0,0,0,64,44,46,,,,,
USC00420072,ALTA, UT US,40.5905,-111.6369,2660.9,6/21/1981,,,,,0,0,0,66,45,47,,,,,
USC00420072,ALTA, UT US,40.5905,-111.6369,2660.9,6/22/1981,,,,,0,0,0,68,48,50,,,,,
USC00420072,ALTA, UT US,40.5905,-111.6369,2660.9,6/23/1981,,,,,0,0,0,76,47,50,,,,,
USC00420072,ALTA, UT US,40.5905,-111.6369,2660.9,6/24/1981,,,,,0,0,0,76,50,53,,,,,
USC00420072,ALTA, UT US,40.5905,-111.6369,2660.9,6/25/1981,,,,,0,0,0,76,53,62,,,,,
USC00420072,ALTA, UT US,40.5905,-111.6369,2660.9,6/26/1981,,,,,0,0,0,81,59,61,,,,,
USC00420072,ALTA, UT US,40.5905,-111.6369,2660.9,6/27/1981,,,,,0,0,0,77,62,62,,,,,
USC00420072,ALTA, UT US,40.5905,-111.6369,2660.9,6/28/1981,,,,,0,0,0,69,49,50,,,,,
USC00420072,ALTA, UT US,40.5905,-111.6369,2660.9,6/29/1981,,,,,0,0,0,67,47,48,,,,,
USC00420072,ALTA, UT US,40.5905,-111.6369,2660.9,6/30/1981,,,,,0,0,0,71,47,52,,,,,
USC00420072,ALTA, UT US,40.5905,-111.6369,2660.9,7/1/1981,,,,,0,0,0,74,47,61,,,,,
USC00420072,ALTA, UT US,40.5905,-111.6369,2660.9,7/2/1981,,,,,0,0,0,65,45,53,,1,,,
USC00420072,ALTA, UT US,40.5905,-111.6369,2660.9,7/3/1981,,,,,0.32,0,0,65,47,54,,,,,
USC00420072,ALTA, UT US,40.5905,-111.6369,2660.9,7/4/1981,,,,,0,0,0,76,46,51,,,,,
USC00420072,ALTA, UT US,40.5905,-111.6369,2660.9,7/5/1981,,,,,0,0,0,67,46,50,,,,,
USC00420072,ALTA, UT US,40.5905,-111.6369,2660.9,7/6/1981,,,,,0,0,0,81,50,65,,,,,
USC00420072,ALTA, UT US,40.5905,-111.6369,2660.9,7/7/1981,,,,,0.09,0,0,74,59,60,,1,,,
USC00420072,ALTA, UT US,40.5905,-111.6369,2660.9,7/8/1981,,,,,0,0,0,65,45,47,,,,,
USC00420072,ALTA, UT US,40.5905,-111.6369,2660.9,7/9/1981,,,,,0,0,0,72,45,57,,1,,,
USC00420072,ALTA, UT US,40.5905,-111.6369,2660.9,7/10/1981,,,,,0,0,0,74,54,59,,1,,,
USC00420072,ALTA, UT US,40.5905,-111.6369,2660.9,7/11/1981,,,,,0,0,0,75,57,60,,,,,
USC00420072,ALTA, UT US,40.5905,-111.6369,2660.9,7/12/1981,,,,,0,0,0,74,54,58,,,,,
USC00420072,ALTA, UT US,40.5905,-111.6369,2660.9,7/13/1981,,,,,0,0,0,68,52,54,,,,,
USC00420072,ALTA, UT US,40.5905,-111.6369,2660.9,7/14/1981,,,,,0,0,0,71,50,53,,,,,
USC00420072,ALTA, UT US,40.5905,-111.6369,2660.9,7/15/1981,,,,,0,0,0,71,48,49,,,,,
USC00420072,ALTA, UT US,40.5905,-111.6369,2660.9,7/16/1981,,,,,0,0,0,75,47,57,,1,,,
USC00420072,ALTA, UT US,40.5905,-111.6369,2660.9,7/17/1981,,,,,0,0,0,74,48,51,,1,,,
USC00420072,ALTA, UT US,40.5905,-111.6369,2660.9,7/18/1981,,,,,0,0,0,72,49,52,,1,,,
USC00420072,ALTA, UT US,40.5905,-111.6369,2660.9,7/19/1981,,,,,0,0,0,73,48,51,,,,,
USC00420072,ALTA, UT US,40.5905,-111.6369,2660.9,7/20/1981,,,,,0,0,0,72,52,55,,,,,
USC00420072,ALTA, UT US,40.5905,-111.6369,2660.9,7/21/1981,,,,,0,0,0,78,51,54,,,,,
USC00420072,ALTA, UT US,40.5905,-111.6369,2660.9,7/22/1981,,,,,0,0,0,77,51,53,,,,,
USC00420072,ALTA, UT US,40.5905,-111.6369,2660.9,7/23/1981,,,,,0,0,0,75,51,54,,,,,
USC00420072,ALTA, UT US,40.5905,-111.6369,2660.9,7/24/1981,,,,,0,0,0,77,52,55,,,,,
USC00420072,ALTA, UT US,40.5905,-111.6369,2660.9,7/25/1981,,,,,0,0,0,72,53,55,,,,,
USC00420072,ALTA, UT US,40.5905,-111.6369,2660.9,7/26/1981,,,,,0,0,0,72,48,52,,1,,,
USC00420072,ALTA, UT US,40.5905,-111.6369,2660.9,7/27/1981,,,,,0.07,0,0,64,41,43,,,,,
USC00420072,ALTA, UT US,40.5905,-111.6369,2660.9,7/28/1981,,,,,0,0,0,68,41,44,,,,,
USC00420072,ALTA, UT US,40.5905,-111.6369,2660.9,7/29/1981,,,,,0,0,0,74,44,61,,,,,
USC00420072,ALTA, UT US,40.5905,-111.6369,2660.9,7/30/1981,,,,,0,0,0,77,54,54,,1,,,
USC00420072,ALTA, UT US,40.5905,-111.6369,2660.9,7/31/1981,,,,,0,0,0,76,51,53,,,,,
USC00420072,ALTA, UT US,40.5905,-111.6369,2660.9,8/1/1981,,,,,0,0,0,75,55,56,,,,,
USC00420072,ALTA, UT US,40.5905,-111.6369,2660.9,8/2/1981,,,,,0,0,0,76,52,55,,,,,
USC00420072,ALTA, UT US,40.5905,-111.6369,2660.9,8/3/1981,,,,,0,0,0,75,53,55,,,,,
USC00420072,ALTA, UT US,40.5905,-111.6369,2660.9,8/4/1981,,,,,0,0,0,74,51,52,,,,,
USC00420072,ALTA, UT US,40.5905,-111.6369,2660.9,8/5/1981,,,,,0,0,0,76,50,61,,,,,
USC00420072,ALTA, UT US,40.5905,-111.6369,2660.9,8/6/1981,,,,,0,0,0,78,53,56,,,,,
USC00420072,ALTA, UT US,40.5905,-111.6369,2660.9,8/7/1981,,,,,0,0,0,77,53,57,,,,,
USC00420072,ALTA, UT US,40.5905,-111.6369,2660.9,8/8/1981,,,,,0,0,0,75,54,54,,,,,
USC00420072,ALTA, UT US,40.5905,-111.6369,2660.9,8/9/1981,,,,,0,0,0,77,51,53,,,,,
USC00420072,ALTA, UT US,40.5905,-111.6369,2660.9,8/10/1981,,,,,0,0,0,73,52,53,,1,,,
USC00420072,ALTA, UT US,40.5905,-111.6369,2660.9,8/11/1981,,,,,0.19,0,0,63,45,47,,1,,,
USC00420072,ALTA, UT US,40.5905,-111.6369,2660.9,8/12/1981,,,,,0,0,0,59,45,52,,,,,
USC00420072,ALTA, UT US,40.5905,-111.6369,2660.9,8/13/1981,,,,,0,0,0,62,48,51,,,,,
USC00420072,ALTA, UT US,40.5905,-111.6369,2660.9,8/14/1981,,,,,0,0,0,64,46,48,,,,,
USC00420072,ALTA, UT US,40.5905,-111.6369,2660.9,8/15/1981,,,,,0,0,0,69,49,50,,,,,
USC00420072,ALTA, UT US,40.5905,-111.6369,2660.9,8/16/1981,,,,,0,0,0,71,50,53,,,,,
USC00420072,ALTA, UT US,40.5905,-111.6369,2660.9,8/17/1981,,,,,0,0,0,71,53,53,,,,,
USC00420072,ALTA, UT US,40.5905,-111.6369,2660.9,8/18/1981,,,,,0,0,0,74,51,55,,,,,
USC00420072,ALTA, UT US,40.5905,-111.6369,2660.9,8/19/1981,,,,,0,0,0,74,50,52,,,,,
USC00420072,ALTA, UT US,40.5905,-111.6369,2660.9,8/20/1981,,,,,0,0,0,70,51,53,,,,,
USC00420072,ALTA, UT US,40.5905,-111.6369,2660.9,8/21/1981,,,,,0.07,0,0,71,50,52,,,,,
USC00420072,ALTA, UT US,40.5905,-111.6369,2660.9,8/22/1981,,,,,0.19,0,0,73,48,48,,1,,,
USC00420072,ALTA, UT US,40.5905,-111.6369,2660.9,8/23/1981,,,,,0.16,0,0,73,48,51,,1,,,
USC00420072,ALTA, UT US,40.5905,-111.6369,2660.9,8/24/1981,,,,,0.09,0,0,74,52,53,,1,,,
USC00420072,ALTA, UT US,40.5905,-111.6369,2660.9,8/25/1981,,,,,0,0,0,76,53,58,,,,,
USC00420072,ALTA, UT US,40.5905,-111.6369,2660.9,8/26/1981,,,,,0,0,0,76,59,59,,1,,,
USC00420072,ALTA, UT US,40.5905,-111.6369,2660.9,8/27/1981,,,,,0,0,0,76,53,54,,1,,,
USC00420072,ALTA, UT US,40.5905,-111.6369,2660.9,8/28/1981,,,,,0.23,0,0,75,52,55,,,,,
USC00420072,ALTA, UT US,40.5905,-111.6369,2660.9,8/29/1981,,,,,0,0,0,69,53,54,,,,,
USC00420072,ALTA, UT US,40.5905,-111.6369,2660.9,8/30/1981,,,,,0,0,0,72,55,58,,,,,
USC00420072,ALTA, UT US,40.5905,-111.6369,2660.9,8/31/1981,,,,,0,0,0,72,46,46,,,,,
USC00420072,ALTA, UT US,40.5905,-111.6369,2660.9,9/1/1981,,,,,0,0,0,64,45,48,,,,,
USC00420072,ALTA, UT US,40.5905,-111.6369,2660.9,9/2/1981,,,,,0,0,0,71,48,52,,,,,
USC00420072,ALTA, UT US,40.5905,-111.6369,2660.9,9/3/1981,,,,,0,0,0,65,49,54,,,,,
USC00420072,ALTA, UT US,40.5905,-111.6369,2660.9,9/4/1981,,,,,0,0,0,71,53,55,,,,,
USC00420072,ALTA, UT US,40.5905,-111.6369,2660.9,9/5/1981,,,,,0.1,0,0,71,48,49,,1,,,
USC00420072,ALTA, UT US,40.5905,-111.6369,2660.9,9/6/1981,,,,,0.87,0,0,50,41,42,,,,,
USC00420072,ALTA, UT US,40.5905,-111.6369,2660.9,9/7/1981,,,,,0.37,0,0,52,41,44,,1,,,
USC00420072,ALTA, UT US,40.5905,-111.6369,2660.9,9/8/1981,,,,,0.07,0,0,58,44,47,,1,,,
USC00420072,ALTA, UT US,40.5905,-111.6369,2660.9,9/9/1981,,,,,0.36,0,0,59,43,46,,1,,,
USC00420072,ALTA, UT US,40.5905,-111.6369,2660.9,9/10/1981,,,,,0.21,0,0,56,44,46,,1,,,
USC00420072,ALTA, UT US,40.5905,-111.6369,2660.9,9/11/1981,,,,,0.1,0,0,58,45,50,,1,,,
USC00420072,ALTA, UT US,40.5905,-111.6369,2660.9,9/12/1981,,,,,0,0,0,68,48,49,,1,,,
USC00420072,ALTA, UT US,40.5905,-111.6369,2660.9,9/13/1981,,,,,0,0,0,67,48,51,,1,,,
USC00420072,ALTA, UT US,40.5905,-111.6369,2660.9,9/14/1981,,,,,0,0,0,67,47,49,,,,,
USC00420072,ALTA, UT US,40.5905,-111.6369,2660.9,9/15/1981,,,,,0,0,0,65,47,48,,,,,
USC00420072,ALTA, UT US,40.5905,-111.6369,2660.9,9/16/1981,,,,,0,0,0,68,48,51,,,,,
USC00420072,ALTA, UT US,40.5905,-111.6369,2660.9,9/17/1981,,,,,0,0,0,71,47,51,,,,,
USC00420072,ALTA, UT US,40.5905,-111.6369,2660.9,9/18/1981,,,,,0,0,0,70,48,52,,,,,
USC00420072,ALTA, UT US,40.5905,-111.6369,2660.9,9/19/1981,,,,,0,0,0,69,49,50,,,,,
USC00420072,ALTA, UT US,40.5905,-111.6369,2660.9,9/20/1981,,,,,0,0,0,67,41,44,,1,,,
USC00420072,ALTA, UT US,40.5905,-111.6369,2660.9,9/21/1981,,,,,0,0,0,65,44,46,,,,,
USC00420072,ALTA, UT US,40.5905,-111.6369,2660.9,9/22/1981,,,,,0,0,0,67,44,47,,,,,
USC00420072,ALTA, UT US,40.5905,-111.6369,2660.9,9/23/1981,,,,,0,0,0,64,41,43,,,,,
USC00420072,ALTA, UT US,40.5905,-111.6369,2660.9,9/24/1981,,,,,0.09,0,0,62,42,49,,1,,,
USC00420072,ALTA, UT US,40.5905,-111.6369,2660.9,9/25/1981,,,,,0.41,0,0,58,38,39,,1,,,
USC00420072,ALTA, UT US,40.5905,-111.6369,2660.9,9/26/1981,,,,,0.32,0,0,43,28,29,,,,,
USC00420072,ALTA, UT US,40.5905,-111.6369,2660.9,9/27/1981,,,,,0,0,0,55,29,36,,,,,
USC00420072,ALTA, UT US,40.5905,-111.6369,2660.9,9/28/1981,,,,,0,0,0,64,36,50,,,,,
USC00420072,ALTA, UT US,40.5905,-111.6369,2660.9,9/29/1981,,,,,0,0,0,63,47,50,,,,,
USC00420072,ALTA, UT US,40.5905,-111.6369,2660.9,9/30/1981,,,,,0,0,0,56,33,33,,,,,
USC00420072,ALTA, UT US,40.5905,-111.6369,2660.9,10/1/1981,,,,,0,0,0,57,33,40,,,,,
USC00420072,ALTA, UT US,40.5905,-111.6369,2660.9,10/2/1981,,,,,0,0,0,63,40,44,,,,,
USC00420072,ALTA, UT US,40.5905,-111.6369,2660.9,10/3/1981,,,,,0.42,0,0,54,37,37,,1,,,
USC00420072,ALTA, UT US,40.5905,-111.6369,2660.9,10/4/1981,,,,,1.49,4,3,42,29,30,,,,,
USC00420072,ALTA, UT US,40.5905,-111.6369,2660.9,10/5/1981,,,,,0.42,3,3,38,26,28,,,,,
USC00420072,ALTA, UT US,40.5905,-111.6369,2660.9,10/6/1981,,,,,0,0,0,48,27,34,,,,,
USC00420072,ALTA, UT US,40.5905,-111.6369,2660.9,10/7/1981,,,,,0,0,0,58,32,48,,,,,
USC00420072,ALTA, UT US,40.5905,-111.6369,2660.9,10/8/1981,,,,,0.94,5,4,54,29,29,,,,,
USC00420072,ALTA, UT US,40.5905,-111.6369,2660.9,10/9/1981,,,,,0.09,1,2,34,24,26,,,,,
USC00420072,ALTA, UT US,40.5905,-111.6369,2660.9,10/10/1981,,,,,0.06,0,0,43,26,35,,1,,,
USC00420072,ALTA, UT US,40.5905,-111.6369,2660.9,10/11/1981,,,,,1.93,6,5,45,30,32,,1,,,
USC00420072,ALTA, UT US,40.5905,-111.6369,2660.9,10/12/1981,,,,,0.38,3,5,36,28,29,,,,,
USC00420072,ALTA, UT US,40.5905,-111.6369,2660.9,10/13/1981,,,,,0.12,1,5,34,25,26,,,,,
USC00420072,ALTA, UT US,40.5905,-111.6369,2660.9,10/14/1981,,,,,0.09,2,6,34,21,21,,,,,
USC00420072,ALTA, UT US,40.5905,-111.6369,2660.9,10/15/1981,,,,,0,0,5,34,19,28,,,,,
USC00420072,ALTA, UT US,40.5905,-111.6369,2660.9,10/16/1981,,,,,0.36,3,7,36,27,27,,,,,
USC00420072,ALTA, UT US,40.5905,-111.6369,2660.9,10/17/1981,,,,,0.45,4,9,31,24,25,,,,,
USC00420072,ALTA, UT US,40.5905,-111.6369,2660.9,10/18/1981,,,,,0,0,5,41,25,32,,,,,
USC00420072,ALTA, UT US,40.5905,-111.6369,2660.9,10/19/1981,,,,,0,0,3,53,30,31,,,,,
USC00420072,ALTA, UT US,40.5905,-111.6369,2660.9,10/20/1981,,,,,0,0,2,53,31,32,,,,,
USC00420072,ALTA, UT US,40.5905,-111.6369,2660.9,10/21/1981,,,,,0,0,1,52,29,30,,,,,
USC00420072,ALTA, UT US,40.5905,-111.6369,2660.9,10/22/1981,,,,,0,0,0,47,26,27,,,,,
USC00420072,ALTA, UT US,40.5905,-111.6369,2660.9,10/23/1981,,,,,0,0,0,46,27,29,,,,,
USC00420072,ALTA, UT US,40.5905,-111.6369,2660.9,10/24/1981,,,,,0,0,0,46,29,34,,,,,
USC00420072,ALTA, UT US,40.5905,-111.6369,2660.9,10/25/1981,,,,,0,0,0,34,23,25,,,,,
USC00420072,ALTA, UT US,40.5905,-111.6369,2660.9,10/26/1981,,,,,0,0,0,44,25,35,,,,,
USC00420072,ALTA, UT US,40.5905,-111.6369,2660.9,10/27/1981,,,,,0,0,0,57,35,39,,,,,
USC00420072,ALTA, UT US,40.5905,-111.6369,2660.9,10/28/1981,,,,,0,0,0,49,39,41,,1,,,
USC00420072,ALTA, UT US,40.5905,-111.6369,2660.9,10/29/1981,,,,,1.54,9,9,49,21,22,,,,,
USC00420072,ALTA, UT US,40.5905,-111.6369,2660.9,10/30/1981,,,,,1.55,22,26,35,16,17,,,,,
